Symbol ,Series ,LTP ,%chng ,Mkt Cap (₹ Crores),Volume (Lakhs),Value (₹ Crores)
COCHINSHIP,EQ,1982,-2.63,52142.61,197.76,4063.77
MAZDOCK,EQ,3422,-2.85,138036.64,83.75,2912.27
HAL,EQ,5016,-2.18,335457.54,48.03,2427.53
BEL,EQ,363,-0.25,265344.97,520.04,1909.89
INFY,EQ,1557.9,-2.01,647135.34,88.56,1386.32
PARAS,EQ,1714.7,-4.71,6909.15,71.07,1258.83
IDEA,EQ,6.75,-8.41,73131.55,17122.12,1171.15
DATAPATTNS,EQ,2806,-2.17,15709.1,37.28,1105.83
RELIANCE,EQ,1442.9,-0.93,1952600.48,61.96,894.47
TCS,EQ,3518,-1.22,1272843.19,25.37,893.76
BDL,EQ,1826,-0.87,66934.31,48.52,893.33
ICICIBANK,EQ,1447,-0.48,1031581.47,60.05,871.55
TATAMOTORS,EQ,728.7,-0.27,268259.88,104.6,766.89
M&M,EQ,3125,-0.34,388602.76,20.11,630.26
JWL,EQ,408.95,-3.1,17359.85,130.4,566.12
AXISBANK,EQ,1203,-0.48,372730.7,45.5,549.66
LT,EQ,3596.6,-0.22,494633.59,15.19,547.09
ETERNAL,EQ,238.25,-3.06,229919.6,218.18,525.39
KAYNES,EQ,6090,-2.75,39027.34,8.02,492.1
PREMIERENE,EQ,1089.8,-3.21,49125.39,42.33,472.97
INDUSTOWER,EQ,388.95,-2.87,102611.34,115.17,451.63
DIXON,EQ,16590,-0.42,99932.67,2.46,408.5
BHEL,EQ,244.45,-2.36,85119.04,157.3,389.57
POLICYBZR,EQ,1695,-3.48,77844.11,21.44,363.81
SUNPHARMA,EQ,1729,-0.34,414845.02,20.74,361.08
TATASTEEL,EQ,157.25,-0.19,196303.46,218.4,343.21
VBL,EQ,496.3,-1.07,167841.99,68.23,341.08
TRENT,EQ,5545,-0.68,197117.8,6.05,337.66
ADANIGREEN,EQ,1014,-0.6,160620.89,31.77,325.01
NYKAA,EQ,197.06,-2.35,56328.98,158.55,320.49
MARUTI,EQ,12950,-0.35,407151.33,2.44,317.17
YESBANK,EQ,21.17,-1.76,66381.02,1465.28,313.42
JINDALSTEL,EQ,969,-1.28,98846.54,31.78,308.2
LICHSGFIN,EQ,601.3,-3.19,33075.29,48.29,291.87
JIOFIN,EQ,276.85,-0.05,175886.73,102.02,283.3
CIPLA,EQ,1491,-0.59,120419.18,18.58,277.86
DRREDDY,EQ,1215.6,-1.23,101436.39,22.36,273.55
HCLTECH,EQ,1651,-0.54,448026.11,16.42,270.67
AMBER,EQ,6248.5,-2.42,21146.18,4.26,269.18
PATANJALI,EQ,1729,-3.14,62620.49,15,262.19
TVSMOTOR,EQ,2825.6,-0.56,134240.61,8.41,239.05
SOLARINDS,EQ,13700,-2.32,123971.38,1.69,234.21
COFORGE,EQ,8280,-1.73,55375.69,2.78,231.38
CUMMINSIND,EQ,3014.9,-0.68,83573.03,7.59,228.34
BBL,EQ,3096.3,-10.43,3499.79,7.37,228.17
HINDUNILVR,EQ,2381,-0.02,559437.68,9.37,223.75
COALINDIA,EQ,402.85,-0.48,248265.51,54.47,220.03
NHPC,EQ,89.2,-0.57,89601.71,243.93,218.39
APOLLOHOSP,EQ,6980,-0.5,100361.69,3.07,215.07
ADANIPOWER,EQ,561.3,-0.74,216489.98,37.96,214.57
TEJASNET,EQ,740.1,-0.07,13051.58,27.68,206.83
ONGC,EQ,246.5,-0.31,310103.88,80.43,198.47
ADANIENSOL,EQ,890,-2.74,106914.16,21.21,190.25
MUTHOOTFIN,EQ,2085.8,-0.9,83737.34,8.82,184.45
ADANIPORTS,EQ,1396.7,-0.76,301706.61,13.17,184.36
BHARATFORG,EQ,1258.9,-0.32,60186.58,14.27,180.4
CHAMBLFERT,EQ,622.5,-1.52,24940.61,28.41,177.32
APOLLO,EQ,139.8,-0.42,4284.72,123.98,174.79
STARHEALTH,EQ,447.5,-0.75,26303.44,39.35,174.65
ADANIENT,EQ,2538,-0.67,292931.07,6.81,174.12
WIPRO,EQ,251.55,-1.09,263538.55,67.89,171.51
LUPIN,EQ,2028.8,-1.91,92638.36,8.25,168.89
CREDITACC,EQ,1121,-6.95,17904.57,14.9,168.62
PERSISTENT,EQ,5665.5,-0.59,88296.82,2.88,163.55
PROTEAN,EQ,1143.2,-19.99,4635.47,13.99,161.03
TEXRAIL,EQ,160.26,-1.83,6401.86,98.84,160.18
SCI,EQ,186.7,-1.1,8696.47,83.95,159.63
GRASIM,EQ,2723,-2.9,185301.81,5.76,158.34
ZEEL,EQ,128.3,-1.06,12323.46,121.85,156.95
KALYANKJIL,EQ,560,-0.07,57760.38,27.97,156.56
JSWSTEEL,EQ,1018.7,-0.3,249118.4,14.35,146.69
CROMPTON,EQ,351,-0.07,22597.7,41.2,146.08
CGPOWER,EQ,696.3,-0.02,106466.02,19.9,138.9
TITAN,EQ,3612,-0.6,320668.36,3.77,136.66
NMDC,EQ,70.19,-0.11,61709.77,193.53,136.44
IRCTC,EQ,805,-0.5,64400,16.55,134.1
HEXT,EQ,745,-3.37,45273.25,17.75,132.8
PIIND,EQ,3768.1,-0.04,57168.9,3.51,131.94
BALKRISIND,EQ,2687,-0.84,51944.33,4.77,129.79
ASIANPAINT,EQ,2331,-0.96,223589,5.53,129.79
INTELLECT,EQ,1052.25,-2.08,14617.04,11.98,129.1
MOTILALOFS,EQ,781.55,-0.94,46779.91,16.3,128.27
APARINDS,EQ,7850,-4.59,31532.13,1.6,126.29
GMRAIRPORT,EQ,87.46,-3.96,92348.8,138.54,123.3
SAIL,EQ,122.15,-0.27,50454.37,99,121.08
NIFTYBEES,EQ,279.78,-0.15,48224.74,42.89,120.07
IDFCFIRSTB,EQ,68.79,-0.68,50399.6,173.98,120.06
NAUKRI,EQ,1469.5,-2.65,95211.93,8.12,119.47
GODREJCP,EQ,1291.1,-0.65,132080.56,9.16,118.84
RBLBANK,EQ,211.6,-0.51,12881.09,54.96,117.58
REDINGTON,EQ,279.44,-0.26,21845.9,40.56,114.41
RELINFRA,EQ,278.5,-0.36,11032.25,40.23,113.21
PCBL,EQ,393.9,-0.28,14868.25,27.63,110.3
HCC,EQ,30.27,-0.49,5507.27,357,109.6
SWANENERGY,EQ,449.85,-1.25,14100.86,23.98,109.35
TECHM,EQ,1597.5,-1.21,156406.51,6.82,109.34
LTIM,EQ,5020,-0.55,148767.46,2.16,108.62
PGEL,EQ,788.9,-1.88,22353.22,13.55,107.35
KPITTECH,EQ,1343.9,-1.53,36842.19,7.78,104.84
GESHIP,EQ,962,-1.11,13734.2,10.8,104.72
IRB,EQ,50.69,-1.02,30611.69,204.88,104.32
IEX,EQ,197.6,-1.13,17619.85,52.17,104.08
MARICO,EQ,716.15,-1.14,92801.43,14.34,102.97
NESTLEIND,EQ,2404,-0.2,231783.38,4.23,101.9
HINDPETRO,EQ,405.4,-1.13,86261.92,24.89,101.29
VMM,EQ,125.5,-0.61,58038.27,79.6,100.83
GODFRYPHLP,EQ,8414,-3.49,43747.68,1.18,99.09
M&MFIN,EQ,264.95,-0.75,36827.29,36.65,97.33
MPHASIS,EQ,2531,-2.67,48145.78,3.78,96.44
BPCL,EQ,317.1,-0.94,137574.01,29.56,93.97
MRF,EQ,140000,-0.19,59376,0.07,92.69
DALBHARAT,EQ,2063.9,-0.3,38711.57,4.44,91.89
TATACONSUM,EQ,1150,-1.54,113792.33,7.86,90.7
LICI,EQ,855,-0.23,540787.3,10.54,90.62
MANKIND,EQ,2560.8,-0.46,105653.11,3.52,90.39
INDIAGLYCO,EQ,1722.6,-1.89,5333.43,5.25,90.3
HDFCLIFE,EQ,749.45,-0.15,161400,11.87,89.37
SONATSOFTW,EQ,389.5,-2.09,10922.55,22.61,89.02
ATHERENERG,EQ,314.05,-0.33,11697.1,27.91,88.89
TORNTPOWER,EQ,1425,-1.23,71806.25,5.68,82.02
FORCEMOT,EQ,10639,-2.88,13865.72,0.75,80.84
SHYAMMETL,EQ,907.7,-3.2,25336.8,8.62,78.12
OIL,EQ,423,-0.21,68805.51,18.24,77.67
NEWGEN,EQ,1145,-1.2,16216.08,6.61,76.56
ABCAPITAL,EQ,215.25,-1.37,56131.77,34.01,73.56
TRITURBINE,EQ,603.9,-0.21,19196.59,12.12,73.34
FORTIS,EQ,686.5,-1.94,51827.88,10.32,71.17
MODEFENCE,EQ,90.19,-1.32,351.29,76.18,69.94
GLENMARK,EQ,1442.4,-0.43,40704.64,4.81,69.61
OFSS,EQ,8622.5,-0.85,74925.04,0.8,69.36
IXIGO,EQ,174.75,-1.43,6817.18,38.87,68.93
ATGL,EQ,676,-0.82,74347.16,9.97,67.58
MANYAVAR,EQ,738,-1.81,17929.27,8.93,66.06
ARE&M,EQ,1034.15,-0.15,18927.57,6.33,65.98
NH,EQ,1752.3,-1.26,35810.14,3.78,65.84
WEBELSOLAR,EQ,1415,-4.02,5972.2,4.57,65.3
MIDHANI,EQ,407.8,-2.39,7639.73,15.07,62.09
BOSCHLTD,EQ,31625,-0.09,93273.64,0.19,61.04
WELSPUNLIV,EQ,146.4,-1.79,14041.99,40.32,60
PNBHOUSING,EQ,1054.7,-1.62,27414.29,5.59,59.23
GICRE,EQ,434.95,-0.3,76307.63,13.46,58.74
SBFC,EQ,105.6,-2.1,11487.12,53.82,58.55
ORIENTCEM,EQ,355,-0.45,7293.83,16.24,57.81
OLECTRA,EQ,1285,-0.14,10547.37,4.45,57.31
MTARTECH,EQ,1632.6,-0.23,5021.81,3.37,55.84
APOLLOTYRE,EQ,488.3,-1.2,31011.98,11.28,55.63
SETFNIF50,EQ,263.6,-0.31,69397.64,20.71,54.66
GVT&D,EQ,1848,-0.72,47317.4,2.95,54.52
TI,EQ,353.6,-0.08,6846.9,14.86,52.32
PIDILITIND,EQ,3065.3,-0.84,155916.1,1.68,51.82
RCF,EQ,150.15,-0.31,8283.6,33.98,51.13
SBILIFE,EQ,1770,-0.19,177377.91,2.89,51.1
HERITGFOOD,EQ,409.9,-4.77,3803.71,12.38,50.86
RKFORGE,EQ,615,-1.39,11133.38,8,49.62
FACT,EQ,874,-0.86,56554.09,5.63,49.52
BALRAMCHIN,EQ,558.25,-0.08,11262.65,8.76,49.35
BSOFT,EQ,424.75,-1.15,11802.83,11.44,49.03
PETRONET,EQ,319.8,-0.25,47970,15.01,48.27
ZAGGLE,EQ,426.75,-2.93,5727.21,10.95,47.38
FIVESTAR,EQ,673.4,-0.85,19827.26,7.03,47.23
ASTERDM,EQ,583.45,-1.09,29144.09,7.9,46.92
ENGINERSIN,EQ,192.1,-0.74,10796.83,24.09,46.81
BLUEJET,EQ,820.8,-0.35,14238.04,5.55,46.16
SONACOMS,EQ,535.15,-1.42,33271.24,8.55,45.99
SWSOLAR,EQ,292.3,-1.9,6825.04,15.45,45.81
J&KBANK,EQ,103.6,-0.28,11408.25,43.73,45.79
TRANSRAILL,EQ,537.8,-0.1,7220.29,8.11,43.88
VIPIND,EQ,377,-1.11,5354.14,11.39,43.67
SAGILITY,EQ,46.36,-0.9,21702.64,91.05,43.11
LLOYDSENGG,EQ,51.8,-0.77,7633.01,80.15,42.26
AWL,EQ,269.1,-0.46,34974.35,15.49,42.1
KARURVYSYA,EQ,225.6,-0.07,18160.53,18.26,41.39
GAEL,EQ,115.99,-7.04,5320.12,35.34,40.93
ARVINDFASN,EQ,457.2,-2.44,6094.85,8.82,40.39
NAVA,EQ,459.1,-3.15,12992.59,8.73,40.35
ZENSARTECH,EQ,785,-1.72,17832.18,5.08,40.16
MANAPPURAM,EQ,228.9,-0.25,19374.89,17.5,40.09
CASTROLIND,EQ,211.1,-0.09,20880.37,18.77,39.81
COHANCE,EQ,1064.8,-1.33,27106.08,3.76,39.41
GENUSPOWER,EQ,328.7,-0.32,9990.12,11.7,38.79
KIRLOSENG,EQ,888,-0.84,12896.33,4.35,38.35
JPPOWER,EQ,15.01,-0.66,10287.04,248.39,37.81
PRICOLLTD,EQ,433.5,-1.14,5283.56,8.5,37.46
BORORENEW,EQ,563,-1.67,7457.88,6.38,36.08
NLCINDIA,EQ,237,-0.81,32863.29,14.63,35
SHARDACROP,EQ,632,-0.49,5701.94,5.39,34.4
SOBHA,EQ,1365,-0.55,14594.21,2.42,33.25
JSL,EQ,660.45,-0.4,54405.86,5.01,33.09
MRPL,EQ,137.9,-0.07,24168.34,23.08,32.12
ITBEES,EQ,40.7,-1.02,2263.8,78.3,31.88
SANGHVIMOV,EQ,331.8,-0.51,2872.59,9.64,31.64
CARTRADE,EQ,1619,-2.5,7686.86,1.92,31.2
MON100,EQ,178.39,-1.48,9002.18,17.06,30.55
KRN,EQ,788.95,-1.37,4903.84,3.82,30.39
NIFTYIETF,EQ,277.65,-0.44,29775.68,10.88,30.26
JSLL,SM,1999.5,-10.2,4970.79,1.52,30.21
MEDANTA,EQ,1182,-1.59,31747.03,2.53,29.9
CCL,EQ,755.85,-0.7,10092.71,3.92,29.88
ICEMAKE,EQ,844.9,-6.27,1333.23,3.47,29.63
ENDURANCE,EQ,2206,-0.38,31030.22,1.31,29.58
AETHER,EQ,742.05,-0.64,9838.86,3.97,29.55
PRIVISCL,EQ,2285,-1.54,8925.83,1.27,29.5
UNIMECH,EQ,1080.85,-1.44,5496.87,2.61,29.11
PVRINOX,EQ,991.75,-2.52,9738.98,2.89,28.96
SYRMA,EQ,521,-1.63,9282.03,5.45,28.89
DOMS,EQ,2798.8,-1.73,16985.14,1.02,28.71
REPCOHOME,EQ,418.1,-0.05,2615.69,6.84,28.57
ERIS,EQ,1433.8,-2.1,19526.21,1.95,28.1
CYIENT,EQ,1298,-0.48,14414.39,2.15,27.94
SYNGENE,EQ,641.9,-0.54,25838.85,4.33,27.92
GLAXO,EQ,2825,-0.13,47857.2,0.99,27.88
JAIBALAJI,EQ,107,-3.48,9761.15,25.36,27.8
WELENT,EQ,514,-0.69,7114.47,5.28,27.66
NESCO,EQ,937,-4.77,6602.1,2.91,27.29
GROWWDEFNC,EQ,83,-1.06,151.47,31.77,26.73
PTCIL,EQ,14050,-1.53,21052.7,0.19,26.56
BERGEPAINT,EQ,561.7,-2.5,65488.31,4.61,26.17
CUB,EQ,189.3,-2.21,14027.28,13.64,26.05
IKS,EQ,1605.1,-3.91,27539.21,1.56,25.48
DBREALTY,EQ,185.95,-2.67,10012.77,13.46,25.29
HONAUT,EQ,38105,-1.84,33690.62,0.07,25.27
BALUFORGE,EQ,609,-0.87,6665.01,4.08,25.01
SAREGAMA,EQ,530.05,-1.87,10219.87,4.55,24.35
E2E,EQ,2765,-2.02,5522.27,0.85,23.38
RRKABEL,EQ,1294.9,-1.6,14641.81,1.77,23.22
JSFB,EQ,489.4,-1.6,5146.54,4.66,23.15
JASH,EQ,547,-1.88,3432.71,4.17,23
ESCORTS,EQ,3525.9,-0.72,39446.98,0.63,22.45
TTML,EQ,60.57,-0.08,11841,36.71,22.37
JUSTDIAL,EQ,939.8,-1.27,7992.26,2.32,22.04
AFFLE,EQ,1690.9,-1.69,23756.52,1.29,21.91
TECHNOE,EQ,1270,-0.79,14770.05,1.7,21.81
JYOTISTRUC,EQ,19.74,-1.55,2347.07,107,21.39
SAPPHIRE,EQ,327.7,-1,10531.72,6.37,21.27
UBL,EQ,2045,-0.27,54070.85,1.03,21.22
MMTC,EQ,61.6,-0.28,9240,34.13,21.19
RAJESHEXPO,EQ,202.19,-0.43,5969.86,10.35,21.15
GMRP&UI,EQ,126,-1.22,9006.94,16.7,21.01
SUNDRMFAST,EQ,973.2,-0.85,20449.69,2.15,21
MAPMYINDIA,EQ,2048.9,-2.44,11150.13,1.01,20.85
WALCHANNAG,EQ,221,-2.84,1490.86,9,20.26
RAMCOCEM,EQ,998.35,-0.58,23590.25,2.02,20.21
DHANUKA,EQ,1598,-0.93,7203.52,1.24,20.2
TEAMLEASE,EQ,1989.2,-2.57,3335.67,1,19.97
DEVYANI,EQ,182.85,-2.16,22056.58,10.72,19.76
ECLERX,EQ,3286,-0.48,15657.91,0.6,19.61
INDRAMEDCO,EQ,431.4,-2.01,3954.77,4.42,19.36
EMSLIMITED,EQ,637.4,-0.05,3539.53,2.99,19.21
MANINFRA,EQ,166.8,-0.43,6259.83,11.11,18.77
MSUMI,EQ,57.3,-1.26,25332.95,32.49,18.74
AAVAS,EQ,1775,-0.82,14049.78,1.04,18.69
CANFINHOME,EQ,744,-1.35,9906.67,2.47,18.46
DIACABS,EQ,94.92,-0.32,5002.01,18.42,18.35
AADHARHFC,EQ,448,-2.06,19326.02,4.01,18.07
DHAMPURSUG,EQ,145.75,-2.16,953.02,12.35,17.93
ASIANENE,EQ,313.45,-7.32,1403.45,5.67,17.79
AVALON,EQ,868.5,-3.19,5774.18,1.98,17.43
MASTEK,EQ,2315,-1.2,7162.59,0.75,17.42
MTNL,EQ,43.68,-2.65,2751.84,39.23,17.38
HIMATSEIDE,EQ,160.75,-1.57,2021.31,10.43,17.13
UFLEX,EQ,611,-1.44,4412.12,2.75,16.73
ONWARDTEC,EQ,294.8,-5.81,668.95,5.49,16.55
SEPC,EQ,15.25,-0.33,2384.58,105.08,16.33
SYMPHONY,EQ,1273,-1.05,8741.87,1.26,16.29
ALIVUS,EQ,1140,-0.23,13979.72,1.39,15.84
CGCL,EQ,165.49,-1.16,13654.85,9.45,15.79
SEQUENT,EQ,178.11,-2.09,4458.13,8.8,15.71
IIFLCAPS,EQ,271.8,-1.08,8424.6,5.63,15.58
LEMONTREE,EQ,139.7,-0.45,11067.68,11.09,15.52
YATHARTH,EQ,502.7,-0.79,4843.73,3.06,15.45
FIRSTCRY,EQ,351.5,-2.03,18325.05,4.31,15.45
TBOTEK,EQ,1213,-1.99,13171.7,1.25,15.33
MAFANG,EQ,135.65,-1.39,3354.67,11.25,15.22
ASHAPURMIN,EQ,390.05,-3.82,3726,3.8,15.19
INDGN,EQ,597.1,-2.46,14333.71,2.47,15
SWARAJENG,EQ,4023,-2.06,4886.93,0.37,14.94
POWERMECH,EQ,2930,-1.12,9263.57,0.5,14.65
LTGILTBEES,EQ,28.86,-0.07,2696.3,49.86,14.39
BATAINDIA,EQ,1242.1,-0.51,15964.41,1.15,14.35
BIRET,RR,297.99,-0.1,18110.42,4.79,14.27
AIRTELPP,E1,1354.5,-0.36,53135.36,1.05,14.2
KALAMANDIR,EQ,119.99,-4.88,1840.24,11.58,14.04
SHAREINDIA,EQ,172.35,-1.74,3738.05,8.04,14.03
DREDGECORP,EQ,699.6,-1.46,1958.88,1.94,13.74
SOLARA,EQ,476.7,-0.15,1718.71,2.83,13.48
CLEAN,EQ,1275,-1.48,13549.08,1.05,13.42
MANINDS,EQ,327.1,-1.31,2117.49,4.04,13.34
RELAXO,EQ,434.5,-1.18,10816.38,3.02,13.26
RELIGARE,EQ,218,-0.24,7208.25,6.03,13.21
PAISALO,EQ,33.3,-2.72,3004.05,38.63,13.07
KRISHNADEF,SM,879,-4.54,1235.79,1.42,12.94
SAFARI,EQ,2267,-0.37,11082.58,0.57,12.91
SHAILY,EQ,1664,-0.45,7646.93,0.77,12.88
ANUP,EQ,2948,-1.44,5903.8,0.44,12.82
RAINBOW,EQ,1354.8,-0.95,13758.22,0.94,12.69
DYNAMATECH,EQ,6910.5,-3.17,4693.23,0.18,12.64
JGCHEM,EQ,346.5,-4.55,1357.8,3.61,12.59
LLOYDS-RE1,BE,15,-7.69,462.5,77.09,12.06
DHANI,EQ,61.4,-0.31,3703.85,19.34,11.97
NAVKARCORP,EQ,109.49,-0.37,1648.03,10.74,11.92
CSBBANK,EQ,355,-0.87,6158.75,3.31,11.9
GUJGASLTD,EQ,466.5,-0.63,32113.4,2.48,11.66
RUSTOMJEE,EQ,515,-0.72,6490.53,2.23,11.59
STLTECH,EQ,72.5,-4.13,3537.43,15.85,11.57
GSPL,EQ,349.05,-0.39,19693.8,3.23,11.4
ORISSAMINE,EQ,5558,-0.64,3334.8,0.2,11.33
PRAKASH,EQ,179.8,-0.65,3219.89,6.18,11.23
MSTCLTD,EQ,568.2,-0.88,4000.13,1.94,11.16
AJMERA,EQ,823.5,-0.3,3241.22,1.3,10.9
HEMIPROP,EQ,138.85,-1.55,3957.22,7.69,10.77
NELCO,EQ,924,-0.75,2108.42,1.15,10.76
METROPOLIS,EQ,1640,-0.54,8495.21,0.66,10.75
GANECOS,EQ,1577,-0.39,4014.57,0.67,10.74
LATENTVIEW,EQ,420,-0.67,8671.8,2.54,10.71
CERA,EQ,6502,-0.54,8385.98,0.16,10.7
BLUEDART,EQ,6912.5,-0.5,16401.93,0.15,10.7
GATEWAY,EQ,65.11,-0.15,3253.18,15.98,10.48
ORIENTELEC,EQ,232.6,-3.63,4962.89,4.38,10.34
FMCGIETF,EQ,60.29,-0.13,557.53,16.83,10.14
POKARNA,EQ,1032.7,-1.67,3201.78,0.97,10.07
ASAHIINDIA,EQ,744.1,-0.89,18088.32,1.36,10.07
SUMICHEM,EQ,530.1,-1.55,26459.72,1.81,9.65
BAJAJELEC,EQ,671.5,-0.09,7745.23,1.43,9.55
ROSSARI,EQ,697,-2.31,3858.85,1.35,9.39
AURIONPRO,EQ,1390,-0.88,7674.68,0.66,9.33
ROUTE,EQ,972.25,-0.96,6124.94,0.93,9.15
STYLEBAAZA,EQ,284.25,-0.35,2121,3.15,9.07
WINDMACHIN,EQ,371.5,-1.9,3138.37,2.39,8.99
BECTORFOOD,EQ,1560,-0.61,9578.11,0.57,8.96
WANBURY,EQ,303.5,-0.44,994.58,2.88,8.88
MUKANDLTD,EQ,108.65,-9.72,1569.94,7.96,8.83
DATAMATICS,EQ,609.25,-1.22,3601.06,1.43,8.77
SPAL,EQ,872,-2.88,2188.07,0.96,8.61
NIITMTS,EQ,347,-0.09,4728.06,2.46,8.5
REFEX,EQ,416.8,-1.83,5384.32,1.99,8.44
SALZERELEC,EQ,1068,-0.96,1888.52,0.78,8.37
PGINVIT,IV,83.13,-0.24,7564.82,9.99,8.32
VMART,EQ,3380,-0.74,6707.09,0.25,8.31
RBA,EQ,81.69,-0.79,4754.91,10.12,8.26
DEEPINDS,EQ,436.1,-1.97,2791.04,1.87,8.15
UTKARSHBNK,EQ,24.13,-0.45,2658.18,33.16,8.08
TVSSCS,EQ,129.33,-0.1,5705.65,6.1,7.99
ATULAUTO,EQ,482,-1.5,1337.61,1.59,7.84
PANACEABIO,EQ,531.65,-0.39,3256.4,1.47,7.83
DOLATALGO,EQ,95.8,-0.66,1686.08,7.82,7.56
SBC,EQ,14.65,-0.2,697.62,50.62,7.42
CIGNITITEC,EQ,1533,-1.77,4199.95,0.48,7.41
FUSION,EQ,179.4,-1.92,2907.76,4.06,7.37
TIPSMUSIC,EQ,635.9,-0.3,8128.81,1.15,7.33
TASTYBITE,EQ,10237,-3.55,2626.81,0.07,7.32
TATVA,EQ,756.15,-1.67,1768.79,0.94,7.23
AWHCL,EQ,588,-2.2,1668.87,1.21,7.14
GICHSGFIN,EQ,184.11,-2.92,991.45,3.85,7.09
KRISHANA,EQ,351.15,-0.28,2126.3,1.99,7.04
DDEVPLSTIK,EQ,268.1,-2.97,2774.21,2.56,6.93
TEGA,EQ,1448,-0.23,9634.34,0.47,6.9
SSEGL,SM,422,-4.6,1018.62,1.59,6.77
STERTOOLS,EQ,328,-2.6,1186.85,2.04,6.75
SANSERA,EQ,1219,-1.73,7548.27,0.55,6.69
PFS,EQ,36.9,-0.97,2370.03,17.77,6.66
DREAMFOLKS,EQ,275.74,-2.41,1468.86,2.36,6.58
ORCHPHARMA,EQ,758,-1.18,3844.51,0.85,6.51
ORIENTPPR,EQ,29.5,-5.21,625.95,21.26,6.42
SANOFI,EQ,6250.5,-0.56,14395.29,0.1,6.42
BIRLANU,EQ,2246,-4.16,1693.69,0.28,6.33
HONDAPOWER,EQ,2327.9,-2.18,2361.21,0.27,6.25
SAHANA,SM,1574,-1.02,1390.96,0.39,6.23
TMB,EQ,447.75,-0.08,7090.19,1.39,6.22
QUICKHEAL,EQ,295,-1.5,1593.37,2.08,6.21
ASMS,EQ,16.55,-2.65,504.07,37.32,6.17
ELGNZ,SM,148,-0.34,334.47,3.99,6.17
THYROCARE,EQ,970,-0.31,5140.36,0.63,6.09
HAPPYFORGE,EQ,819.9,-3.39,7726.92,0.73,6.04
HIRECT,EQ,1053,-1.02,1807.23,0.57,5.98
MINDSPACE,RR,388.35,-2.07,23657.65,1.51,5.91
KROSS,EQ,168.7,-3.56,1088.27,3.43,5.87
HNGSNGBEES,EQ,390.6,-0.82,921.3,1.44,5.65
NEOGEN,EQ,1533.9,-0.7,4046.68,0.37,5.64
VASCONEQ,EQ,48.75,-1.12,1103.15,11.43,5.6
EKC,EQ,131.36,-0.03,1473.96,4.12,5.51
KCP,EQ,220.06,-0.78,2837.04,2.47,5.49
INNOVACAP,EQ,922,-0.12,5276.14,0.58,5.41
ASALCBR,EQ,1105.6,-1.49,1998.84,0.48,5.36
3MINDIA,EQ,29600,-0.27,33344.61,0.02,5.35
754GS2036,GS,112.72,-0.15,167952.8,4.73,5.34
GARUDA,EQ,106.3,-0.59,989.03,4.96,5.33
CEIGALL,EQ,253.9,-1.44,4423.06,2.07,5.28
PDSL,EQ,424.15,-2.53,5994.02,1.23,5.28
SHREEPUSHK,EQ,292.9,-1.36,947.17,1.73,5.27
SATIN,EQ,172,-0.3,1900.1,3.01,5.22
FIEMIND,EQ,1612.9,-0.21,4245.1,0.32,5.21
GRINDWELL,EQ,1750,-1.69,19376,0.29,5.2
GREENPANEL,EQ,247.56,-2.3,3035.76,2.06,5.14
GARFIBRES,EQ,867.25,-2.15,8608.83,0.58,5.1
ARMANFIN,EQ,1484,-1.08,1556.8,0.34,5.04
INDOSTAR,EQ,313.05,-1,4264.88,1.59,5.04
IRBINVIT,IV,54.14,-0.15,3142.83,9.23,4.99
SPANDANA,EQ,295.4,-0.3,2106.35,1.68,4.98
BAJEL,EQ,205.05,-0.07,2370.43,2.42,4.95
SAKSOFT,EQ,181.33,-0.28,2403.55,2.67,4.86
JTLIND,EQ,71.5,-0.61,2810.53,6.73,4.86
VEEDOL,EQ,1680,-0.85,2927.23,0.28,4.82
ENTERO,EQ,1471.9,-0.51,6403.9,0.33,4.8
DEN,EQ,35.2,-0.14,1679.83,13.11,4.66
MOLDTKPAC,EQ,556,-2.06,1840.67,0.82,4.65
BARBEQUE,EQ,340.85,-1.35,1331.96,1.35,4.62
ROLEXRINGS,EQ,1500.5,-2.18,4086.36,0.3,4.6
AARTISURF,EQ,612,-1.61,517.66,0.73,4.58
SANSTAR,EQ,91.53,-1.89,1668.08,4.9,4.56
MVGJL,EQ,216.8,-1.23,1059.01,2.08,4.54
GOPAL,EQ,297,-1.13,3701.28,1.49,4.5
NUVOCO,EQ,355,-0.69,12679.04,1.23,4.37
UNIPARTS,EQ,335.5,-4.06,1514.24,1.26,4.26
TCPLPACK,EQ,3828,-0.22,3483.48,0.11,4.26
SANGAMIND,EQ,447.9,-1.22,2250.54,0.93,4.24
WINDLAS,EQ,941.1,-1.63,1972.48,0.45,4.24
KECL,EQ,134,-1.18,889.95,3.1,4.21
ESAFSFB,EQ,30.77,-0.97,1585.97,13.78,4.19
EIMCOELECO,EQ,2015.1,-0.8,1162.39,0.2,4.18
SASKEN,EQ,1483.1,-0.88,2242.68,0.28,4.15
ADFFOODS,EQ,231.97,-2.24,2548.51,1.76,4.12
MICEL,EQ,60,-1.54,1446.07,6.81,4.12
GPTHEALTH,EQ,157.3,-1.83,1290.72,2.57,4.11
MAHKTECH,EQ,23,-0.48,445.54,17.6,4.06
RADIANTCMS,EQ,69.15,-5.51,737.89,5.77,4.03
NDRAUTO,EQ,881.15,-1.73,2095.84,0.44,3.99
MANORG,EQ,558,-2.52,477.9,0.69,3.98
LIBERTSHOE,EQ,411.6,-2.2,701.37,0.94,3.92
APTECHT,EQ,165.65,-1.74,961.26,2.27,3.8
SMLISUZU,EQ,1704.1,-2.29,2466.11,0.22,3.79
MOM30IETF,EQ,31.15,-0.06,616.34,12.07,3.77
DENTALKART,SM,595,-6.07,988.99,0.62,3.73
LAXMIDENTL,EQ,401.55,-0.05,2207.01,0.91,3.72
HINDMOTORS,EQ,26.36,-0.26,550.03,13.8,3.67
BANSWRAS,EQ,140.3,-2.25,480.28,2.57,3.63
MAXESTATES,EQ,461.8,-0.92,7434.98,0.77,3.6
MASTERTR,EQ,161,-1.16,1807.48,2.2,3.58
ELIN,EQ,172.45,-2.21,856.37,2.04,3.55
GUJTHEM,EQ,336,-1.41,3661.23,1.02,3.44
ACLGATI,EQ,67.72,-1.74,996,4.95,3.39
NITCO,EQ,130.15,-1.57,2976.82,2.57,3.37
BLAL,EQ,206.1,-0.29,858.29,1.59,3.31
PREMIERPOL,EQ,55.49,-7.61,581.22,5.82,3.24
MMFL,EQ,359,-0.06,1733.31,0.89,3.19
DCMSRIND,EQ,183.15,-0.42,1593.26,1.71,3.17
BHARATWIRE,EQ,192.7,-2.85,1319.01,1.63,3.15
REMSONSIND,EQ,140.1,-1.13,488.65,2.13,3.08
ITIETF,EQ,40.6,-1.19,427.15,7.52,3.06
TOP10ADD,EQ,98.5,-0.01,751.24,3.1,3.04
SHOPERSTOP,EQ,521.1,-0.25,5735.18,0.57,2.99
FOCUS,EQ,105,-0.18,706.16,2.66,2.88
INFRABEES,EQ,928.2,-0.39,176.79,0.31,2.87
RPGLIFE,EQ,2160.2,-0.46,3572.76,0.13,2.86
EXCELINDUS,EQ,1170.1,-1.17,1470.9,0.23,2.78
RADHIKAJWE,EQ,91.3,-0.36,1077.34,3.01,2.77
RSYSTEMS,EQ,359.05,-0.53,4250.44,0.75,2.69
TVSELECT,EQ,403.8,-3.18,753.1,0.65,2.65
HDFCNIFTY,EQ,276.93,-0.31,4234,0.95,2.64
GALAPREC,EQ,895,-1.26,1136.45,0.29,2.63
BPL,EQ,86.19,-1.77,422.12,3.03,2.6
INDOAMIN,EQ,140.12,-0.5,1017.1,1.82,2.58
TVTODAY,EQ,175.7,-0.48,1048.38,1.46,2.58
MINDTECK,EQ,234.02,-0.26,747.75,1.08,2.54
PRESSTONIC,SM,109,-8.94,84.01,2.28,2.53
CONSOFINVT,EQ,191.14,-0.86,617.89,1.31,2.49
MASPTOP50,EQ,55.33,-0.77,933,4.42,2.44
JAGSNPHARM,EQ,212,-0.54,1408.5,1.11,2.39
ARUNAYA,ST,42.8,-3.39,75.06,5.12,2.38
GLOBAL,EQ,60,-8.8,305.41,3.96,2.38
SUYOG,BE,923,-0.94,1030.76,0.25,2.36
3IINFOLTD,EQ,25.43,-0.16,431.36,9.11,2.33
VSTTILLERS,EQ,3740,-1.02,3232.62,0.06,2.3
TAC,SM,1350.1,-0.52,1414.85,0.17,2.29
5PAISA,EQ,394.2,-0.37,1231.34,0.57,2.28
LAKSHYA,ST,173.05,-3.89,174.5,1.32,2.27
CELLECOR,SM,42.85,-0.35,932.75,5.28,2.26
OMINFRAL,EQ,135,-1.33,1300.1,1.63,2.23
NIFTYETF,EQ,266.8,-0.43,4660.21,0.82,2.2
CONSUMBEES,EQ,128.38,-0.12,169.91,1.71,2.2
KAMATHOTEL,EQ,241.52,-0.74,712,0.89,2.17
ESSARSHPNG,EQ,34.75,-1.61,719.24,6.17,2.17
NIFTY1,EQ,272.31,-0.07,3091.12,0.8,2.17
ANDHRAPAP,EQ,77.08,-0.58,1532.74,2.8,2.16
SARLAPOLY,EQ,103.69,-1,865.84,2.03,2.11
RELTD,EQ,112.5,-0.27,2008.74,1.85,2.1
SGIL,EQ,466.75,-1.42,725.47,0.44,2.07
NELCAST,EQ,122.42,-5.43,1065.07,1.65,2.04
RBZJEWEL,BE,145,-1.53,580,1.41,2.03
HEUBACHIND,EQ,587.05,-0.85,1355.02,0.35,2.03
OILIETF,EQ,11.65,-0.17,163.48,17.38,2.03
SINDHUTRAD,EQ,20.3,-1.17,3130.12,9.86,2.01
SELAN,EQ,571.05,-0.28,868,0.35,2.01
TRANSTEEL,SM,125.5,-1.18,253.24,1.58,1.99
BUTTERFLY,EQ,742,-1.78,1326.66,0.26,1.98
ADOR,EQ,991.6,-2.18,1725.66,0.19,1.94
RAJRATAN,EQ,408.1,-0.75,2071.96,0.46,1.89
MEDICO,EQ,53.7,-2.24,445.62,3.5,1.89
STCINDIA,EQ,131.3,-0.06,787.8,1.38,1.83
INTENTECH,EQ,101.9,-6.02,239.5,1.75,1.78
DPABHUSHAN,EQ,1549.8,-0.27,3511.91,0.11,1.77
TRACXN,EQ,59.79,-0.52,639.62,2.94,1.76
GOLDTECH,EQ,72.18,-4.3,249.61,2.32,1.69
THEJO,EQ,1998,-3.87,2167.01,0.08,1.69
IKIO,EQ,223.19,-0.29,1724.83,0.74,1.67
MARATHON,EQ,511.85,-3.42,2621.09,0.32,1.67
BOROSCI,EQ,142.4,-2.39,1266.41,1.17,1.67
SEAMECLTD,EQ,835,-1.04,2122.99,0.19,1.62
TVSSRICHAK,EQ,3026,-0.26,2317.02,0.05,1.58
ATALREAL,EQ,14.75,-1.67,163.75,10.58,1.57
ITETF,EQ,38.72,-1.1,133.29,3.98,1.54
RAMAPHO,BE,124,-0.38,438.79,1.2,1.54
SRD,EQ,63.3,-0.44,404.91,2.41,1.54
TARSONS,EQ,388,-1.05,2064.4,0.39,1.53
MONQ50,EQ,73.6,-0.8,81.51,2.06,1.52
ASHIANA,EQ,284.1,-0.18,2855.91,0.53,1.52
DRCSYSTEMS,EQ,19.79,-0.95,264.58,7.66,1.51
VRAJ,EQ,179.75,-3.84,592.86,0.83,1.51
SHANTIGEAR,EQ,489,-0.17,3751.41,0.3,1.5
JUBLCPL,EQ,1479,-2.89,2228.42,0.1,1.46
BFSI,EQ,27.12,-0.37,383.18,5.23,1.42
JAYNECOIND,EQ,44,-2.96,4272.39,3.19,1.42
ANNAPURNA,SM,281.05,-0.79,613.25,0.5,1.41
MAANALU,EQ,101,-0.06,546.26,1.39,1.41
JAYBEE,SM,187.65,-0.77,423.48,0.74,1.4
ESFL,SM,423,-3.56,1050.69,0.33,1.4
SAGCEM,EQ,227.1,-0.9,2968.37,0.61,1.39
NCLIND,EQ,221.15,-1.16,1000.32,0.62,1.37
GICL,SM,101,-0.98,251.69,1.32,1.35
MEDICAMEQ,EQ,441,-2.05,560.71,0.3,1.33
SWARAJ,SM,203.1,-4.63,447.11,0.65,1.32
WOMANCART,SM,263,-2.63,142.95,0.49,1.32
VILAS,SM,380.1,-0.5,930.48,0.34,1.32
MAXIND,EQ,189.5,-2.65,982.96,0.69,1.31
SENSEXIETF,EQ,930.55,-0.13,20804.38,0.14,1.29
BASML,EQ,31.87,-0.44,254.71,3.97,1.29
INDORAMA,EQ,43.21,-1.41,1128.27,2.91,1.27
OMAXE,EQ,79.98,-1.01,1462.84,1.59,1.27
SGBFEB32IV,GB,9500,-0.59,12147.48,0.01,1.26
ARIHANTSUP,EQ,366.3,-0.54,1507.69,0.34,1.25
VOLERCAR,SM,90.5,-7.93,100.85,1.34,1.24
TNPETRO,EQ,82.8,-0.01,744.96,1.48,1.23
MBLINFRA,EQ,43.9,-1.68,537.9,2.72,1.23
HEIDELBERG,EQ,198.7,-0.35,4502.8,0.62,1.23
MATRIMONY,EQ,503,-1.57,1084.64,0.24,1.22
APEX,EQ,222,-0.29,693.75,0.55,1.22
IRISDOREME,EQ,57.2,-2,544.35,2.06,1.22
SAHAJSOLAR,ST,275.4,-1.99,605.11,0.44,1.22
GANESHBE,EQ,128.65,-1.21,926.14,0.92,1.19
RNFI,ST,229,-0.97,571.42,0.52,1.19
FOSECOIND,EQ,4526.6,-2.15,2890.89,0.03,1.15
VINYAS,SM,880,-2.4,1107.46,0.13,1.15
ISFT,EQ,107.1,-3.02,174.7,1.05,1.15
RKSWAMY,EQ,212.8,-2.31,1074.16,0.53,1.15
TRANSWORLD,EQ,305.3,-0.16,670.36,0.37,1.14
SANOFICONR,EQ,4950,-1.09,11400.16,0.02,1.11
JNKINDIA,EQ,371,-0.78,2069.71,0.29,1.09
MANGALAM,EQ,79,-4.09,125.04,1.35,1.08
HDFCMOMENT,EQ,30.93,-0.06,122.53,3.49,1.08
SURANASOL,EQ,36.4,-1.52,179.11,2.82,1.04
SHARIABEES,EQ,515,-0.07,35.67,0.2,1.04
ALPL30IETF,EQ,27.51,-0.15,1783.73,3.76,1.04
STEELCAS,EQ,943.7,-0.88,1910.05,0.11,1.03
URAVIDEF,BE,517,-1.59,568.7,0.19,1.01
JPASSOCIAT,BE,2.85,-5,699.56,35.01,1
KUANTUM,EQ,111.2,-0.08,970.37,0.89,0.99
HDFCMID150,EQ,21.05,-0.33,126.61,4.6,0.97
DIFFNKG,BE,271.56,-5,1016.35,0.35,0.96
ENVIRO,SM,101.3,-4.7,190.34,0.92,0.95
FCSSOFT,EQ,2.68,-0.74,458.16,34.72,0.94
VENUSREM,EQ,338.2,-1.33,452.07,0.27,0.94
VINYLINDIA,EQ,303.9,-0.07,557.26,0.3,0.93
BARFLEX,SM,58.5,-3.94,144.78,1.56,0.92
VETO,EQ,109.17,-1.28,208.68,0.82,0.91
ALICON,EQ,777.35,-0.22,1264.11,0.12,0.91
POSITRON,ST,356,-1.96,270.57,0.25,0.9
OWAIS,ST,647.5,-5,1177.31,0.14,0.9
TNIDETF,EQ,90.02,-1.09,172.89,0.98,0.88
INDOBORAX,EQ,186.11,-0.69,597.23,0.47,0.88
UNIDT,EQ,198.69,-1.97,403.4,0.44,0.87
INNOVANA,EQ,349,-1.62,715.45,0.25,0.87
DIVOPPBEES,EQ,78.54,-0.08,70,1.09,0.85
ALANKIT,EQ,15.17,-0.2,411.35,5.54,0.84
RISHABH,EQ,278.9,-1.55,1071.18,0.3,0.84
PARSVNATH,EQ,21.65,-4.2,942.17,3.83,0.84
PFOCUS,EQ,96.6,-1.6,2897.87,0.83,0.82
REMUS,SM,2099,-4.92,1236.73,0.04,0.81
MCLEODRUSS,EQ,32.64,-0.91,340.94,2.45,0.81
KHADIM,EQ,295.5,-2.02,543.08,0.27,0.81
PVP,EQ,24.26,-3.23,631.74,3.29,0.81
INDOFARM,BE,165,-0.19,792.85,0.48,0.79
SESHAPAPER,EQ,278.25,-0.34,1754.87,0.28,0.79
AGARWALTUF,ST,139.65,-0.92,246.83,0.58,0.79
GREENLAM,EQ,246,-0.4,6276.63,0.32,0.78
NILKAMAL,EQ,1735.2,-1.24,2589.36,0.04,0.77
LINC,EQ,141.85,-0.53,843.85,0.54,0.77
FELIX,ST,160,-0.53,218.77,0.48,0.76
MOMOMENTUM,EQ,62.15,-0.22,128.18,1.22,0.76
PRIMESECU,EQ,245.05,-1.78,823.93,0.31,0.76
MOS,SM,286.5,-2.34,714.4,0.26,0.75
KLL,SM,87.5,-0.28,162.14,0.84,0.75
INM,ST,442,-2.64,309.2,0.17,0.74
CHEMCON,EQ,206,-1.19,754.59,0.36,0.74
SIMPLEXINF,EQ,280.3,-0.11,1884.37,0.26,0.73
SONAMLTD,EQ,40.1,-0.72,160.53,1.79,0.71
KODYTECH,ST,890,-2.03,1134.53,0.08,0.71
UDAICEMENT,EQ,30.08,-0.4,1686.1,2.32,0.7
DELAPLEX,SM,169,-1.74,153.96,0.42,0.7
PYRAMID,EQ,161.11,-0.62,592.64,0.43,0.7
CHEMBOND,BE,291.1,-2.27,391.48,0.23,0.69
REPL,EQ,207.85,-5.69,376.68,0.33,0.69
HDFCSENSEX,EQ,91.78,-0.02,1030.9,0.75,0.69
IT,EQ,40.42,-1.44,162.34,1.68,0.68
SETF10GILT,EQ,257.95,-0.15,3252.33,0.26,0.68
SPCL,ST,123,-0.97,296.62,0.55,0.67
HMAAGRO,EQ,33.57,-1.03,1681.08,1.98,0.67
ZTECH,ST,545.4,-0.25,781.57,0.12,0.66
MIDCAP,EQ,163.08,-0.05,67.78,0.4,0.66
IEL,EQ,17.85,-0.17,354.03,3.55,0.65
RUBFILA,EQ,75.7,-0.16,410.81,0.83,0.64
MANAKCOAT,BE,89.9,-2.29,667.68,0.7,0.64
RELCHEMQ,EQ,184,-1.24,138.8,0.32,0.63
APRAMEYA,SM,150,-5.06,285.6,0.4,0.62
MENONBE,EQ,115.62,-2.34,647.93,0.54,0.62
VINSYS,SM,402,-1.46,590.05,0.15,0.61
BSHSL,EQ,144,-3.28,1511.1,0.42,0.61
AURUM,EQ,193.49,-0.25,566.41,0.31,0.6
IRIS,BE,257.9,-4.99,529.68,0.23,0.6
BALAJEE,EQ,46.33,-0.28,377.92,1.28,0.6
SARTELE,SM,233,-3.28,1097.6,0.25,0.59
MHLXMIRU,EQ,223.98,-2.82,237.87,0.26,0.59
MBAPL,EQ,284,-1.22,2488.61,0.21,0.59
COOLCAPS,SM,786.2,-1.69,908.85,0.07,0.58
SURAJLTD,EQ,392.5,-2.06,720.79,0.14,0.57
CSLFINANCE,EQ,316.55,-1.46,721.18,0.18,0.57
PROPEQUITY,SM,219,-1.99,229.56,0.25,0.55
TEMBO,BE,499.7,-2,554.85,0.11,0.54
UTISENSETF,EQ,893.1,-0.52,48617.26,0.06,0.54
A2ZINFRA,EQ,13.8,-2.47,243.05,3.78,0.54
COMMOIETF,EQ,88.53,-0.17,73.62,0.6,0.53
UTINIFTETF,EQ,271.84,-0.53,63045.24,0.19,0.53
CAPITALSFB,EQ,286.6,-0.17,1296.78,0.18,0.53
KOKUYOCMLN,EQ,115.5,-1.67,1158.51,0.45,0.52
BSE500IETF,EQ,38.44,-0.1,361.43,1.35,0.52
UCAL,EQ,162.55,-2.42,359.46,0.31,0.52
HVAX,SM,595,-2.57,165.22,0.08,0.52
BEWLTD,ST,197.25,-1.1,257.87,0.26,0.52
SWELECTES,BE,604.5,-1.21,916.35,0.08,0.5
ATLANTAA,EQ,36.69,-4.4,299.02,1.37,0.5
PEARLPOLY,EQ,33.14,-1.81,55.79,1.48,0.5
EIFFL,EQ,211.25,-2.8,523.9,0.23,0.49
SHREEKARNI,SM,587.5,-1.98,415.48,0.08,0.49
ANMOL,EQ,18.2,-2.99,103.58,2.69,0.49
SAKAR,EQ,311.2,-1.16,683.08,0.16,0.49
NIF100IETF,EQ,28.17,-0.21,118.48,1.72,0.49
NINSYS,EQ,434.5,-2.35,807.13,0.11,0.47
HDFCPVTBAN,EQ,27.95,-0.04,721.11,1.69,0.47
THOMASCOTT,BE,351,-1.58,426.92,0.13,0.47
SASTASUNDR,EQ,261.15,-0.13,830.73,0.18,0.47
YUKEN,EQ,955,-0.85,1241.5,0.05,0.47
AVROIND,EQ,177.41,-5.96,236.15,0.25,0.47
HARDWYN,BE,13.99,-0.07,683.32,3.28,0.46
KARNIKA,ST,679.9,-1.18,843.04,0.07,0.45
CYBERTECH,BE,156.9,-0.79,488.44,0.28,0.45
AERON,SM,141.75,-0.63,241.26,0.31,0.45
HEXATRADEX,EQ,190,-3.71,1049.65,0.23,0.45
MAKEINDIA,EQ,144.1,-0.01,222.57,0.3,0.43
EMULTIMQ,EQ,42.1,-0.21,26.18,1,0.42
MGEL,EQ,12.85,-3.38,423.48,3.18,0.41
NIFTY50ADD,EQ,258.6,-0.2,362.35,0.16,0.41
IWARE,ST,78.25,-4.98,83.85,0.52,0.41
BLUEPEBBLE,ST,185.25,-5,75.58,0.22,0.41
FROG,ST,282.05,-0.76,437.99,0.14,0.41
PRITIKA,ST,73.75,-1.67,194.44,0.56,0.41
DCI,EQ,307,-1.92,442.69,0.13,0.4
PENTAGON,SM,71.7,-0.49,55.28,0.55,0.4
IEML,ST,142,-2.61,173.56,0.27,0.4
ESPRIT,SM,111.5,-4.29,244.69,0.35,0.39
AXISTECETF,EQ,403.68,-1.13,176.23,0.1,0.39
TEXMOPIPES,EQ,62.8,-1.1,183.34,0.63,0.39
LASA,EQ,17.83,-3.47,89.33,2.17,0.39
LEMERITE,ST,315,-0.32,739.65,0.12,0.39
CHEVIOT,EQ,1083.6,-0.08,633.03,0.04,0.39
AARTECH,EQ,58.01,-2.86,153.58,0.65,0.38
OBCL,EQ,55,-0.02,115.96,0.69,0.38
EVIETF,EQ,29.38,-0.2,18.74,1.28,0.38
PRAKASHSTL,EQ,6.71,-0.59,117.43,5.61,0.38
HARRMALAYA,EQ,207.6,-0.62,383.13,0.18,0.37
SATECH,ST,67.05,-4.96,87.55,0.53,0.37
GSEC10IETF,EQ,258,-0.16,572.53,0.14,0.37
EFFWA,SM,233,-0.49,539.33,0.16,0.37
PRIZOR,SM,156,-1.48,166.78,0.23,0.36
DESTINY,ST,86.7,-1.98,133.41,0.42,0.36
TUNWAL,SM,31.05,-2.66,171.71,1.16,0.36
CONSUMIETF,EQ,119,-0.23,61.73,0.3,0.36
SURANI,ST,129.9,-0.08,201.97,0.28,0.36
SAAKSHI,SM,139,-4.14,245.42,0.25,0.35
MURUDCERA,EQ,37.55,-1.57,227.35,0.93,0.35
SMLT,EQ,118.9,-2.22,162.77,0.28,0.35
SWASTIK,SM,40.2,-1.95,93.39,0.85,0.34
AVTNPL,EQ,65.32,-0.56,994.72,0.5,0.33
PENINLAND,BE,31.94,-2.02,1034.86,1.03,0.33
EMAMIPAP,EQ,99.65,-0.05,602.87,0.33,0.33
WEALTH,BE,870,-2.74,926.99,0.04,0.33
SADHAV,ST,91.35,-1.46,131.11,0.35,0.32
HITECHGEAR,BE,591.6,-3.28,1111.81,0.05,0.32
CREATIVE,EQ,738,-0.98,1051.04,0.04,0.32
LOTUSEYE,EQ,73.25,-2.11,152.33,0.43,0.32
COASTCORP,EQ,37.04,-0.46,248.08,0.84,0.32
MANAKALUCO,EQ,26.01,-4.06,170.45,1.15,0.3
PRATHAM,SM,181.75,-0.11,331.01,0.16,0.3
BROOKS,BE,135.6,-1.52,399.44,0.21,0.29
RAPPID,SM,266.85,-0.6,138.55,0.11,0.29
TRU,BE,8.9,-2.94,104.04,3.22,0.29
IL&FSENGG,BZ,40.9,-2.6,536.29,0.69,0.29
ABCOTS,SM,434,-3.53,712.6,0.07,0.28
DECCANTRAN,SM,47.25,-0.53,107.37,0.59,0.28
DHARIWAL,SM,153.35,-0.74,137.27,0.18,0.28
NIFTYBETF,EQ,252,-0.33,205.65,0.11,0.27
NV20BEES,EQ,150.91,-0.04,229.46,0.18,0.27
EMMBI,EQ,118.1,-1.35,218.17,0.23,0.27
AIRAN,EQ,27.96,-0.46,349.56,0.95,0.27
RBS,SM,103.5,-1.9,236.61,0.26,0.27
UNILEX,SM,45.05,-0.33,61.34,0.58,0.26
901NHB34,N6,6420,-0.2,854.78,0,0.26
CHEMFAB,EQ,840.3,-1.94,1206.98,0.03,0.26
SILVERTUC,EQ,789.9,-1.02,1001.67,0.03,0.26
LAGNAM,EQ,118.32,-0.38,209.06,0.21,0.25
GUJAPOLLO,EQ,346.85,-2.92,409.28,0.07,0.25
SBIETFIT,EQ,405.62,-1.17,77.71,0.06,0.25
TRUST,ST,78,-1.2,185.84,0.31,0.25
LAMBODHARA,EQ,145,-0.04,150.48,0.17,0.25
PILITA,EQ,15.44,-1.15,362.84,1.56,0.24
VLINFRA,SM,46,-2.34,72.28,0.53,0.24
DIGISPICE,EQ,22.33,-1.63,521.68,1.07,0.24
STARTECK,EQ,293,-1.08,290.37,0.08,0.24
774IREDA31,N7,1117,-0.08,0,0.02,0.23
AGROPHOS,EQ,32.6,-3.03,66.09,0.69,0.23
PROZONER,BE,35.73,-1.68,545.25,0.61,0.22
901HUDCO34,NE,1288,-0.59,0,0.02,0.22
SHRADHA,EQ,62.17,-4.09,314.73,0.35,0.22
MOKSH,EQ,14.03,-0.71,117.5,1.54,0.22
PRAENG,EQ,20.4,-0.87,142.67,1.04,0.21
MAHESHWARI,EQ,58.55,-0.7,173.29,0.36,0.21
IVP,EQ,183.1,-2.21,189.07,0.11,0.21
ROSSELLIND,BE,75.8,-0.42,285.74,0.27,0.21
SPECTRUM,EQ,1703.2,-1.86,2658.11,0.01,0.21
DTL,SM,150,-3.23,123.91,0.13,0.21
LOVABLE,EQ,95.01,-0.53,140.61,0.22,0.21
ALPA,EQ,108.5,-0.26,228.29,0.19,0.2
RAJPUTANA,SM,232.25,-1.38,163.35,0.09,0.2
BTML,EQ,8.05,-0.37,145.3,2.43,0.2
PHANTOMFX,SM,248.1,-2.59,336.9,0.08,0.2
JHS,BE,14.69,-5.04,125.75,1.31,0.2
10IIFL28,N4,1021.5,-0.68,237.73,0.02,0.19
TGL,ST,303.9,-5,364.67,0.06,0.19
SGBNV29VII,GB,9215,-0.03,2993.25,0,0.19
BEACON,SM,74.45,-5.64,134.49,0.25,0.18
UHTL,SM,54.95,-0.09,104.43,0.34,0.18
APOLSINHOT,EQ,1300,-1.38,338.05,0.01,0.18
VERTOZ,BE,8.96,-0.44,763.66,2.04,0.18
TARACHAND,BE,64.37,-2.01,507.4,0.28,0.18
KORE,ST,148.35,-5,176.17,0.12,0.18
DIAMINESQ,EQ,384.05,-2.22,375.75,0.05,0.18
PURVFLEXI,ST,87.95,-0.17,184.54,0.21,0.18
SIKKO,EQ,79.65,-1.28,173.96,0.22,0.18
KAKATCEM,EQ,158.9,-0.89,123.53,0.11,0.18
HDFCNIFIT,EQ,39.07,-1.09,113.88,0.45,0.18
MASTER,ST,396.95,-3.22,158.78,0.04,0.18
SMSLIFE,EQ,1350,-2.39,408.14,0.01,0.17
SOFTTECH,EQ,355.85,-2.37,491.33,0.05,0.17
ASPINWALL,EQ,283.2,-1.91,221.41,0.06,0.17
CHAVDA,SM,144,-1,355.05,0.12,0.17
CAPTRUST,EQ,93.52,-1.17,159.07,0.18,0.17
GSEC5IETF,EQ,62.09,-0.29,58.42,0.28,0.17
BANKA,EQ,68,-2.12,73.94,0.25,0.17
JISLDVREQS,EQ,30.31,-0.82,58.48,0.54,0.17
RPPL,EQ,27.07,-1.38,198.54,0.61,0.17
SANDESH,EQ,1211,-0.25,916.66,0.01,0.17
MAHICKRA,SM,134.95,-6.9,109.61,0.12,0.16
KAUSHALYA,EQ,915,-0.61,31.69,0.02,0.16
IZMO,BE,321.25,-2,477.77,0.05,0.16
AHLADA,EQ,66.2,-0.75,85.54,0.24,0.16
JAIPURKURT,EQ,42.7,-3.06,73.71,0.36,0.16
VITAL,SM,70.75,-0.35,169.45,0.22,0.16
ESCONET,ST,173.1,-1.09,228.43,0.09,0.16
HDFCVALUE,EQ,134.46,-0.59,37.66,0.11,0.15
PASUPTAC,BE,48.5,-1.6,432.3,0.31,0.15
SREEL,EQ,243.9,-0.88,564.75,0.06,0.15
ENERGYDEV,EQ,19.44,-1.57,92.34,0.76,0.15
MIDQ50ADD,EQ,247.36,-0.18,101.58,0.06,0.15
96IIFL28,N5,965.1,-0.46,369.46,0.01,0.14
SYSTANGO,SM,218.5,-0.02,320.51,0.06,0.14
TBI,ST,101.25,-0.59,183.85,0.14,0.14
SDL26BEES,EQ,130.21,-0.21,5215.43,0.11,0.14
MANUGRAPH,EQ,18.75,-6.2,57.03,0.74,0.14
SMARTLINK,EQ,160.01,-0.87,159.61,0.09,0.14
FIBERWEB,EQ,43.73,-0.02,125.91,0.32,0.14
BASML-RE1,BE,4,-0.25,6.03,4.05,0.14
GOKUL,EQ,45.64,-1.57,451.81,0.29,0.14
AKSHOPTFBR,BE,10,-2.15,162.7,1.34,0.14
YASHOPTICS,SM,83.95,-0.06,207.91,0.16,0.13
DOLLEX,SM,37.25,-1.72,148.81,0.36,0.13
NIBL,EQ,25.1,-0.95,60.82,0.51,0.13
JMA,EQ,94.7,-0.97,216.3,0.14,0.13
FIDEL,SM,160.1,-5.1,220.15,0.08,0.13
ZENITHSTL,EQ,7.35,-2.52,104.58,1.73,0.13
SABTNL,BE,590,-0.84,1497.01,0.02,0.13
MANOMAY,EQ,169.35,-1.88,305.66,0.07,0.13
SUTLEJTEX,BE,43,-0.99,704.46,0.29,0.13
EMKAYTOOLS,SM,373.7,-2.53,398.79,0.03,0.12
SGBD29VIII,GB,9215,-0.16,2285.77,0,0.12
PPSL,SM,27.2,-4.9,79.7,0.45,0.12
AXISNIFTY,EQ,271.8,-0.11,739.89,0.05,0.12
SBIETFPB,EQ,279.4,-0.16,515.18,0.04,0.12
AROGRANITE,EQ,37.5,-1.11,57.38,0.32,0.12
TECH,EQ,39.62,-1.22,29.58,0.3,0.12
EMKAY,BE,214.43,-2,543.95,0.06,0.12
KEYFINSERV,BE,367.4,-2,257.85,0.03,0.12
AARVI,EQ,112.02,-0.41,165.91,0.1,0.11
SGL,EQ,15,-2.41,40.49,0.73,0.11
SCML,SM,91,-4.76,104.74,0.12,0.11
HDFCBSE500,EQ,36.54,-0.16,16.77,0.3,0.11
ELDEHSG,EQ,817.15,-1.49,803.5,0.01,0.11
DICIND,EQ,655,-0.72,601.22,0.02,0.11
AAKASH,EQ,8.41,-0.71,85.15,1.26,0.11
TEJASCARGO,SM,165.75,-1.92,396.02,0.06,0.11
KSHITIJPOL,EQ,3.38,-1.17,30.08,3.11,0.11
DUGLOBAL,SM,52.55,-0.47,366.68,0.2,0.11
TOKYOPLAST,EQ,134,-0.03,127.32,0.08,0.1
GANGAFORGE,EQ,5.06,-0.78,68.21,2.03,0.1
RVTH,BE,889.6,-0.24,272.84,0.01,0.1
SBIETFCON,EQ,118.7,-0.13,21.23,0.09,0.1
MOTOGENFIN,EQ,28.59,-4.12,110.72,0.36,0.1
875IIFL26A,NQ,1000,-0.52,57.21,0.01,0.1
QMSMEDI,SM,90,-2.12,160.65,0.11,0.1
985IIFL22,NC,997,-0.6,25.85,0.01,0.1
SUPERHOUSE,EQ,170.28,-1.43,187.73,0.06,0.1
SRGHFL,EQ,315,-0.36,493.79,0.03,0.1
ITETFADD,EQ,38.6,-1.33,37.13,0.25,0.1
HDFCNIF100,EQ,26.04,-0.19,62.34,0.37,0.1
SINTERCOM,EQ,127.1,-3.69,349.88,0.08,0.1
NETF,EQ,267.82,-0.13,715.57,0.03,0.09
SENSEXETF,EQ,83.43,-0.04,20.4,0.11,0.09
DIVINEHIRA,ST,44,-2,57.41,0.21,0.09
DUCOL,SM,124.5,-2.54,202.37,0.07,0.09
SELMC,BE,41.37,-5.01,137.08,0.21,0.09
PCCL,SM,182,-1.81,449.54,0.05,0.09
SAMPANN,EQ,32.97,-1.35,133.89,0.26,0.09
WORTH,EQ,149,-1.16,234.69,0.06,0.09
LAMOSAIC,ST,41.15,-1.56,42.54,0.2,0.08
875NHAI29,N6,1157,-1.53,1376.61,0.01,0.08
TOUCHWOOD,BE,81,-1.89,89.76,0.1,0.08
BESTAGRO,BE,335,-1.5,792.1,0.02,0.08
SPECTSTM,SM,125.1,-2.95,288.89,0.06,0.08
76NHAI31,NA,1126.1,-0.26,3012.61,0.01,0.08
DJML,EQ,112.76,-1.27,366.28,0.07,0.08
DELTIC,ST,70,-1.41,107.03,0.11,0.08
LYPSAGEMS,EQ,6.8,-3.82,20.05,1.09,0.08
QUESTLAB,ST,104,-2.71,170.43,0.07,0.08
BANARBEADS,EQ,127.3,-0.2,84.48,0.06,0.08
ACEINTEG,EQ,26.5,-4.16,27.03,0.28,0.08
ARABIAN,SM,76.45,-0.39,83.27,0.1,0.07
HBSL,EQ,82.2,-1.34,58.67,0.09,0.07
MEGAFLEX,SM,61.3,-4.96,68.06,0.12,0.07
SBIETFQLTY,EQ,222.55,-0.03,114.75,0.03,0.07
PULZ,SM,59,-4.92,128.67,0.12,0.07
NAMAN,ST,90.7,-2,118.51,0.08,0.07
ONDOOR,ST,159.7,-5,90.21,0.04,0.07
JEYYAM,SM,34.85,-2.38,165.53,0.2,0.07
ESG,EQ,42.21,-0.28,122.47,0.17,0.07
HECPROJECT,EQ,119.3,-0.87,129.3,0.06,0.07
TCL,SM,96.95,-0.92,224.24,0.07,0.07
PARASPETRO,EQ,2.74,-1.44,91.58,2.48,0.07
NARMADA,EQ,17.7,-0.56,67.15,0.39,0.07
MALUPAPER,EQ,40.11,-0.4,68.42,0.17,0.07
753IRFC30,NJ,1134.01,-0.09,1218.17,0.01,0.07
NGIL,EQ,29.26,-0.91,37.23,0.23,0.07
SATIPOLY,ST,89,-0.06,44.03,0.07,0.07
LEXUS,EQ,31.4,-0.76,63.4,0.22,0.07
KALANA,SM,48.2,-0.1,62.85,0.14,0.07
KONTOR,ST,85.3,-1.95,52.72,0.08,0.07
SHIVAMILLS,EQ,78.11,-0.43,67.5,0.08,0.07
DAMODARIND,EQ,34.5,-2.16,80.39,0.18,0.06
ABHAPOWER,ST,30.6,-4.23,56.88,0.21,0.06
ASIANHOTNR,BE,357.5,-1.27,695.45,0.02,0.06
VINNY,BE,1.58,-2.47,73.51,4.02,0.06
HPTL,SM,131,-1.13,156.08,0.05,0.06
VR,SM,200,-0.02,177.6,0.03,0.06
ZENITHDRUG,ST,80,-1.11,137.19,0.08,0.06
MID150,EQ,21.14,-0.38,0.91,0.3,0.06
CINEVISTA,EQ,15.29,-4.26,87.82,0.38,0.06
IDENTICAL,SM,49.7,-3.02,69.71,0.12,0.06
XELPMOC,BE,100.1,-0.6,147.35,0.06,0.06
QNIFTY,EQ,2696,-0.52,69.87,0,0.06
KHFM,SM,78.95,-2.29,170.79,0.08,0.06
ELGIRUBCO,BE,65.66,-2.01,328.63,0.09,0.06
MHHL,SM,61,-4.31,111.24,0.09,0.06
BAFNAPH,BE,75.66,-1.59,178.98,0.07,0.06
764HUDCO31,N8,1113.66,-1,0,0.01,0.06
812REC27,NI,1111.1,-0.34,0,0.01,0.06
INSPIRE,SM,21.85,-2.67,29.74,0.24,0.05
AHLEAST,EQ,140.02,-0.31,242.12,0.04,0.05
SYLVANPLY,SM,85,-1.73,164.69,0.06,0.05
SETCO,BE,18.88,-2.02,252.55,0.27,0.05
740IIFCL33,N1,1121.1,-1.58,0,0,0.05
OMFURN,SM,103.25,-4.4,121.57,0.05,0.05
CLOUD,SZ,5.7,-5,25.03,0.89,0.05
GLOSTERLTD,EQ,615,-0.06,673.01,0.01,0.05
3PLAND,EQ,44,-2.03,79.2,0.11,0.05
SEL,SM,305.6,-4.26,70.86,0.02,0.05
SIGIND,EQ,55.5,-0.07,163.38,0.09,0.05
SHAHALLOYS,BE,59,-0.42,116.81,0.08,0.05
BINANIIND,BE,15.4,-2.53,48.3,0.31,0.05
ORCHASP,BE,3.04,-1.3,97.14,1.57,0.05
TGBHOTELS,EQ,10.35,-0.19,30.31,0.45,0.05
K2INFRA,ST,74.8,-1.9,94.39,0.06,0.05
DOLPHIN,BE,359,-1.99,1436.16,0.01,0.04
94SFL28,YL,1111,-0.01,472.05,0,0.04
NURECA,BE,250,-1.19,250,0.02,0.04
SPPPOLY,SM,17.9,-4.79,27.55,0.24,0.04
MUKTAARTS,EQ,79,-0.93,178.42,0.06,0.04
WIPL,EQ,152,-1.83,129.01,0.03,0.04
TNTELE,EQ,9.79,-1.21,44.71,0.44,0.04
DNAMEDIA,EQ,5.02,-2.33,59.09,0.85,0.04
NIFITETF,EQ,383.38,-1.26,5.27,0.01,0.04
739NHAI26,N8,1014.01,-0.34,664.95,0,0.04
NPBET,EQ,282.99,-0.22,12.56,0.01,0.04
ROYALARC,ST,168,-1.18,186.48,0.02,0.04
NMSTEEL,ST,31.05,-0.96,53.68,0.13,0.04
RELIABLE,EQ,71.36,-2.41,73.64,0.05,0.04
LICNETFN50,EQ,274.48,-0.37,869.16,0.01,0.04
KEL,SM,98.75,-3.19,101.44,0.04,0.04
NIFTY100EW,EQ,32.48,-0.25,1.12,0.11,0.04
SYNOPTICS,ST,63.45,-4.94,53.81,0.05,0.03
SAMBHAAV,BE,7.17,-1.65,137.03,0.46,0.03
SICALLOG,BE,103.2,-4.96,673.37,0.03,0.03
INFOMEDIA,EQ,6.11,-0.97,30.67,0.53,0.03
SAGARDEEP,EQ,29.45,-1.47,50.23,0.11,0.03
AXSENSEX,EQ,83.94,-0.27,133.13,0.04,0.03
898LTF29,N7,1045,-0.47,106.32,0,0.03
AIROLAM,EQ,89.99,-0.41,135,0.03,0.03
96IIFL28A,NF,965.02,-0.51,316.55,0,0.03
TRIDHYA,SM,24.05,-0.62,56.01,0.12,0.03
ENFUSE,SM,237,-2.87,209.69,0.01,0.03
TIRUPATI,SM,565,-2.58,572.35,0.01,0.03
CALSOFT,BE,10.94,-0.45,16.91,0.25,0.03
SPLIL,BE,39.01,-0.74,113.13,0.07,0.03
BMETRICS,SM,47,-1.98,57.88,0.06,0.03
MIEL,ST,25.75,-1.9,45.31,0.1,0.03
82IGT31,NJ,1013.55,-0.14,607.3,0,0.03
10NIDO26,N6,1065,-0.15,371.9,0,0.03
INCREDIBLE,EQ,38.79,-0.21,181.4,0.06,0.03
AXISCETF,EQ,118.16,-0.67,13.64,0.02,0.03
1060ECL29,NS,1020,-0.1,199.16,0,0.02
SILVER360,EQ,95.4,-0.2,7.4,0.03,0.02
REGENCERAM,EQ,39.9,-2.92,105.5,0.06,0.02
MAGSON,ST,116.6,-0.34,91.53,0.02,0.02
GAJANAND,SM,15.5,-0.64,29.2,0.15,0.02
AATMAJ,SM,19.1,-2.55,43.17,0.12,0.02
769HUDCO31,N9,1129.1,-0.56,0,0,0.02
THESL,SM,36.55,-4.94,45.64,0.06,0.02
1050NFL26,N7,1000,-0.99,67.5,0,0.02
ITALIANE,SM,36,-0.14,53.2,0.06,0.02
91D070825,TB,98.42,-0.27,10629.36,0.02,0.02
GAYAPROJ,BZ,6.7,-1.18,125.42,0.32,0.02
DKEGL,SM,67.55,-4.66,50.72,0.03,0.02
HDIL,BZ,3.2,-5.04,151.68,0.64,0.02
AKI,BE,8.65,-0.69,76.58,0.24,0.02
DELPHIFX,BE,130.99,-0.2,145.76,0.02,0.02
SGBSEP27,GB,9200,-0.22,577.66,0,0.02
GSTL,ST,14.05,-4.75,22.39,0.14,0.02
GRAPHISAD,SM,41.05,-1.79,75.03,0.05,0.02
PODDARHOUS,BZ,34,-2.72,21.47,0.06,0.02
MOLOWVOL,EQ,37.29,-0.67,82.28,0.05,0.02
SHYAMTEL,EQ,12.13,-3.96,13.67,0.15,0.02
EBANKNIFTY,EQ,55.29,-0.05,7.03,0.03,0.02
BBTCL,EQ,163,-1.75,334.33,0.01,0.02
PARIN,ST,368.6,-5,409.81,0.01,0.02
SEYAIND,BE,16.3,-5.01,43.31,0.11,0.02
NORBTEAEXP,BE,38.7,-2.4,45.47,0.05,0.02
LORDSCHLO,BE,151.25,-0.64,380.45,0.01,0.02
879NHPC28,N5,1126,-0.53,96.39,0,0.02
SECL,ST,6.6,-5.04,67.95,0.25,0.02
EUROBOND,SM,167,-0.15,409.15,0.01,0.02
HEADSUP,BE,11.19,-0.09,24.71,0.15,0.02
DIGIKORE,ST,198,-0.75,125.39,0.01,0.02
WELINV,EQ,848.3,-0.07,310.01,0,0.02
LICNFNHGP,EQ,277.5,-1.63,745.79,0.01,0.02
894SCL25,Z3,1237.45,-1.07,9.25,0,0.02
BRACEPORT,SM,94.45,-0.05,106.74,0.02,0.02
RADAAN,BE,3.76,-0.27,20.36,0.39,0.01
CREATIVEYE,EQ,6.52,-3.41,13.08,0.22,0.01
KTL,SZ,9.3,-1.59,15.98,0.15,0.01
SECURKLOUD,BE,24.35,-2.01,81.35,0.05,0.01
YUDIZ,ST,33.25,-4.32,34.31,0.04,0.01
MITCONPP,E1,23.05,-0.95,9.78,0.06,0.01
TRANSWIND,SM,16.5,-3.79,11.04,0.08,0.01
RADIOCITY,P1,110.55,-0.05,99.16,0.01,0.01
SKIL,BZ,3.14,-5.14,68,0.41,0.01
EQUAL50,EQ,312.69,-0.21,6.33,0,0.01
RAPIDFLEET,SM,205,-2.15,152.41,0.01,0.01
HOMESFY,SM,378,-4.04,121.95,0,0.01
737NTPC35C,NA,1395,-0.07,254.69,0,0.01
KRIDHANINF,BE,3.7,-0.8,35.07,0.3,0.01
735NABAR31,N1,1100,-0.45,0,0,0.01
BSLSENETFG,EQ,81.55,-0.06,344.45,0.01,0.01
866NTPC33,N3,1320,-1.35,411.88,0,0.01
842IIFL26,NL,977,-0.1,143.86,0,0.01
SGBOCT25,GB,9201.01,-0.99,243.66,0,0.01
UEL,BE,443.1,-5,5832.37,0,0.01
1003IIFL29,NC,1000,-0.99,54.32,0,0.01
SSFL,SM,197,-3.43,168.84,0.01,0.01
IDFNIFTYET,EQ,270.22,-0.57,3.86,0,0.01
ASCOM,ST,89.2,-5.01,104.49,0.01,0.01
SUNREST,SM,54,-1.28,23.17,0.02,0.01
10IIFL28A,NE,972,-0.21,267,0,0.01
RICHA,ST,80.05,-1.96,82.68,0.01,0.01
KKVAPOW,SM,512.55,-5,29.06,0,0.01
HAVISHA,EQ,2.01,-0.99,30.86,0.39,0.01
ARVEE,EQ,148.56,-1.64,163.71,0.01,0.01
1015UCL26,N1,977,-2.3,94.3,0,0.01
ADL,BE,90.05,-3.46,50.12,0.01,0.01
905PEL26,N1,1001,-3.75,131.48,0,0.01
96SFIL24A,NB,929,-4.13,11.52,0,0.01
TVVISION,BE,6.82,-2.01,26.42,0.1,0.01
AGARWALFT,SM,46,-2.65,33.32,0.01,0.01
ZENITHEXPO,BE,258,-3.26,139.22,0,0.01
SHANTHALA,ST,28.4,-1.9,19.02,0.02,0.01
SGBJ28VIII,GB,9174,-0.28,478.99,0,0.01
LOWVOL,EQ,202.37,-0.02,43.17,0,0.01
GOLDENTOBC,BZ,34.86,-2,61.38,0.02,0.01
MANDEEP,ST,27.85,-1.94,28.79,0.02,0.01
935IIFL28,NZ,977,-1.2,22.97,0,0.01
1040UCL27B,N1,997,-3.67,34.29,0,0.01
850IIFL27,NA,995,-0.4,13.53,0,0
865IFL28,NZ,960,-3.99,85.36,0,0
ORTEL,BZ,1.88,-5.05,6.2,0.23,0
739NHAI31A,ND,1132,-15.52,2130.56,0,0
79NHIT40,N2,307.5,-1.11,461.25,0,0
TECHIN,BZ,16.15,-5,23.14,0.03,0
GAYAHWS,BE,1.17,-2.5,28.04,0.34,0
NIDAN,SM,20,-2.44,27.8,0.02,0
LOYALTEX,BE,281,-1.58,135.34,0,0
FLFL,BZ,1.7,-5.03,34.3,0.22,0
79NHIT47,N3,413,-0.82,619.5,0,0
935LTF29,N5,1069,-0.66,118.57,0,0
971SCL29A,ZN,963,-0.21,15.24,0,0
948SCL27R,N1,955.05,-3.53,14.15,0,0
COMPINFO,BZ,1.75,-2.78,15.01,0.15,0
675GS2029,GS,104.91,-0.09,59798.7,0,0
BLUECHIP,BE,5.8,-2.03,32.08,0.03,0
ABGSEC,EQ,110.17,-0.21,46.04,0,0
ALPSINDUS,BE,2.45,-0.81,9.58,0.07,0
MORARJEE,BZ,6.16,-5.08,22.38,0.03,0
81TCHF28,N8,1013.75,-0.08,38.8,0,0
0MOFSL26,N1,1079,-0.64,27,0,0
MON50EQUAL,EQ,31.22,-0.16,5.49,0,0
891NTPC33,N6,1267,-0.01,506.76,0,0
CIFC28,NB,1101,-1.7,10.63,0,0
1025SCL34,Z8,965,-1.53,13.92,0,0
IIFL210425,NW,979.9,-0.01,14.09,0,0
182D161025,TB,97.25,-0.29,4862.5,0,0
965SCL25C,N0,600.3,-5.89,10.96,0,0
QUINTEGRA,BE,1.45,-3.33,3.89,0.06,0
965SCL26Y,N1,990,-0.5,10.92,0,0
IMC1,N2,256,-1.88,62.46,0,0
GLFL,BE,4.31,-4.01,11.69,0.01,0
IMC1,N0,250.02,-3.4,61,0,0
74GS2062,GS,107.26,-0.69,167325.6,0,0
892PFCL33,N8,1274,-0.94,0,0,0
875PCHFL26,N8,1062,-0.65,85.88,0,0
699GS2051,GS,104.25,-1.18,152752.31,0,0
727GS2026,GS,102.21,-2,49074.95,0,0
574GS2026,GS,99.25,-0.75,80392.5,0,0